{
	"Type": "Card",
	"GUID": "1B4898A44113ED6C0736F6985D74A079",
	"Name": "Card",
	"Metadata": "",
	"CollisionType": "Regular",
	"Friction": 0.7,
	"Restitution": 0,
	"Density": 0.5,
	"SurfaceType": "Cardboard",
	"Roughness": 1,
	"Metallic": 0,
	"PrimaryColor":
	{
		"R": 255,
		"G": 255,
		"B": 255
	},
	"SecondaryColor":
	{
		"R": 0,
		"G": 0,
		"B": 0
	},
	"Flippable": true,
	"AutoStraighten": false,
	"ShouldSnap": true,
	"ScriptName": "card_template.js",
	"Blueprint": "",
	"Models": [],
	"Collision": [],
	"Lights": [],
	"SnapPointsGlobal": false,
	"SnapPoints": [],
	"ZoomViewDirection":
	{
		"X": 0,
		"Y": 0,
		"Z": 0
	},
	"GroundAccessibility": "Nothing",
	"Tags": [],
	"FrontTexture": "",
	"BackTexture": "CardBack.png",
	"HiddenTexture": "",
	"BackIndex": -2,
	"HiddenIndex": -1,
	"NumHorizontal": 1,
	"NumVertical": 1,
	"Width": 6.35,
	"Height": 8.89,
	"Thickness": 0.05,
	"HiddenInHand": true,
	"UsedWithCardHolders": true,
	"CanStack": true,
	"UsePrimaryColorForSide": true,
	"FrontTextureOverrideExposed": true,
	"AllowFlippedInStack": false,
	"MirrorBack": true,
	"EmissiveFront": false,
	"Model": "Rounded",
	"Indices": [ 0 ],
	"CardNames":
	{
	},
	"CardMetadata":
	{
	},
	"CardTags":
	{
	}
}