{
	"Type": "Generic",
	"GUID": "F82D565D4F3B36656AF1A9B9C76AC56D",
	"Name": "Test Cube Template",
	"Metadata": "",
	"CollisionType": "Regular",
	"Friction": 0.7,
	"Restitution": 0.3,
	"Density": 1,
	"SurfaceType": "Plastic",
	"Roughness": 1,
	"Metallic": 0,
	"PrimaryColor":
	{
		"R": 255,
		"G": 255,
		"B": 0
	},
	"SecondaryColor":
	{
		"R": 0,
		"G": 0,
		"B": 0
	},
	"Flippable": false,
	"AutoStraighten": false,
	"ShouldSnap": true,
	"ScriptName": "test_cube_template.js",
	"Blueprint": "",
	"Models": [
		{
			"Model": "cube.obj",
			"Offset":
			{
				"X": 0,
				"Y": 0,
				"Z": 0
			},
			"Scale":
			{
				"X": 1,
				"Y": 1,
				"Z": 1
			},
			"Rotation":
			{
				"X": 0,
				"Y": 0,
				"Z": 0
			},
			"Texture": "",
			"NormalMap": "",
			"ExtraMap": "",
			"ExtraMap2": "",
			"IsTransparent": false,
			"CastShadow": true,
			"IsTwoSided": false,
			"UseOverrides": true,
			"SurfaceType": "Plastic"
		}
	],
	"Collision": [],
	"Lights": [],
	"SnapPointsGlobal": false,
	"SnapPoints": [],
	"ZoomViewDirection":
	{
		"X": 0,
		"Y": 0,
		"Z": 0
	},
	"GroundAccessibility": "Nothing",
	"Tags": []
}